fecha,valor
1943-01-01,0.00000000000010984646
1943-02-01,0.00000000000010921092
1943-03-01,0.00000000000011093354
1943-04-01,0.00000000000011166941
1943-05-01,0.00000000000011069940
1943-06-01,0.00000000000011081647
1943-07-01,0.00000000000010456152
1943-08-01,0.00000000000010564860
1943-09-01,0.00000000000010467859
1943-10-01,0.00000000000010576568
1943-11-01,0.00000000000010576568
1943-12-01,0.00000000000010543118
1944-01-01,0.00000000000010616706
1944-02-01,0.00000000000010638449
1944-03-01,0.00000000000010707019
1944-04-01,0.00000000000010586603
1944-05-01,0.00000000000010543118
1944-06-01,0.00000000000010735450
1944-07-01,0.00000000000010725415
1944-08-01,0.00000000000010877608
1944-09-01,0.00000000000010855866
1944-10-01,0.00000000000010929454
1944-11-01,0.00000000000010929454
1944-12-01,0.00000000000010951196
1945-01-01,0.00000000000011804145
1945-02-01,0.00000000000012029925
1945-03-01,0.00000000000012926358
1945-04-01,0.00000000000012938065
1945-05-01,0.00000000000012983222
1945-06-01,0.00000000000012989911
1945-07-01,0.00000000000013142104
1945-08-01,0.00000000000013023359
1945-09-01,0.00000000000013098620
1945-10-01,0.00000000000013108655
1945-11-01,0.00000000000013132070
1945-12-01,0.00000000000013421403
1946-01-01,0.00000000000014362992
1946-02-01,0.00000000000014384734
1946-03-01,0.00000000000014806191
1946-04-01,0.00000000000015062076
1946-05-01,0.00000000000015021937
1946-06-01,0.00000000000015277821
1946-07-01,0.00000000000015311271
1946-08-01,0.00000000000015204234
1946-09-01,0.00000000000015225975
1946-10-01,0.00000000000015602275
1946-11-01,0.00000000000015669176
1946-12-01,0.00000000000015936767
1947-01-01,0.00000000000015799627
1947-02-01,0.00000000000015906663
1947-03-01,0.00000000000016878355
1947-04-01,0.00000000000016888390
1947-05-01,0.00000000000016906787
1947-06-01,0.00000000000017696183
1947-07-01,0.00000000000017502179
1947-08-01,0.00000000000017662734
1947-09-01,0.00000000000017684476
1947-10-01,0.00000000000017587473
1947-11-01,0.00000000000017751374
1947-12-01,0.00000000000018313318
1948-01-01,0.00000000000018018966
1948-02-01,0.00000000000017967119
1948-03-01,0.00000000000018291576
1948-04-01,0.00000000000018398612
1948-05-01,0.00000000000018853517
1948-06-01,0.00000000000019392046
1948-07-01,0.00000000000019348562
1948-08-01,0.00000000000019746605
1948-09-01,0.00000000000020556072
1948-10-01,0.00000000000020619624
1948-11-01,0.00000000000020664781
1948-12-01,0.00000000000021765252
1949-01-01,0.00000000000021883996
1949-02-01,0.00000000000021828803
1949-03-01,0.00000000000023317283
1949-04-01,0.00000000000024451204
1949-05-01,0.00000000000025161996
1949-06-01,0.00000000000025456346
1949-07-01,0.00000000000025927975
1949-08-01,0.00000000000026371177
1949-09-01,0.00000000000026784271
1949-10-01,0.00000000000027516805
1949-11-01,0.00000000000028401528
1949-12-01,0.00000000000029090577
1950-01-01,0.00000000000028573791
1950-02-01,0.00000000000029318031
1950-03-01,0.00000000000029328065
1950-04-01,0.00000000000029965267
1950-05-01,0.00000000000031390196
1950-06-01,0.00000000000032286628
1950-07-01,0.00000000000032296664
1950-08-01,0.00000000000032360217
1950-09-01,0.00000000000033642985
1950-10-01,0.00000000000034919065
1950-11-01,0.00000000000034842130
1950-12-01,0.00000000000035522817
1951-01-01,0.00000000000035176619
1951-02-01,0.00000000000036213536
1951-03-01,0.00000000000036322249
1951-04-01,0.00000000000039603595
1951-05-01,0.00000000000042557137
1951-06-01,0.00000000000043970358
1951-07-01,0.00000000000044304849
1951-08-01,0.00000000000048409034
1951-09-01,0.00000000000047489188
1951-10-01,0.00000000000048935856
1951-11-01,0.00000000000049096412
1951-12-01,0.00000000000053359484
1952-01-01,0.00000000000055443355
1952-02-01,0.00000000000055851434
1952-03-01,0.00000000000057482069
1952-04-01,0.00000000000061074492
1952-05-01,0.00000000000062034477
1952-06-01,0.00000000000063318923
1952-07-01,0.00000000000060728292
1952-08-01,0.00000000000060479101
1952-09-01,0.00000000000062511129
1952-10-01,0.00000000000063146654
1952-11-01,0.00000000000063307214
1952-12-01,0.00000000000063534665
1953-01-01,0.00000000000062718509
1953-02-01,0.00000000000066361106
1953-03-01,0.00000000000066048354
1953-04-01,0.00000000000063277106
1953-05-01,0.00000000000062250225
1953-06-01,0.00000000000062143184
1953-07-01,0.00000000000062629873
1953-08-01,0.00000000000062681715
1953-09-01,0.00000000000062250225
1953-10-01,0.00000000000061982634
1953-11-01,0.00000000000062425828
1953-12-01,0.00000000000063083108
1954-01-01,0.00000000000061840479
1954-02-01,0.00000000000061699990
1954-03-01,0.00000000000061796995
1954-04-01,0.00000000000063073072
1954-05-01,0.00000000000062954323
1954-06-01,0.00000000000063946089
1954-07-01,0.00000000000065371013
1954-08-01,0.00000000000065832611
1954-09-01,0.00000000000067433144
1954-10-01,0.00000000000069384895
1954-11-01,0.00000000000070095684
1954-12-01,0.00000000000073183024
1955-01-01,0.00000000000071584164
1955-02-01,0.00000000000071681168
1955-03-01,0.00000000000071781512
1955-04-01,0.00000000000072815090
1955-05-01,0.00000000000072912083
1955-06-01,0.00000000000073343574
1955-07-01,0.00000000000073666362
1955-08-01,0.00000000000073917230
1955-09-01,0.00000000000074422308
1955-10-01,0.00000000000074358757
1955-11-01,0.00000000000074392205
1955-12-01,0.00000000000078651933
1956-01-01,0.00000000000077628397
1956-02-01,0.00000000000077033001
1956-03-01,0.00000000000076914257
1956-04-01,0.00000000000079623621
1956-05-01,0.00000000000082677513
1956-06-01,0.00000000000085883602
1956-07-01,0.00000000000085440403
1956-08-01,0.00000000000085032324
1956-09-01,0.00000000000085503959
1956-10-01,0.00000000000086594386
1956-11-01,0.00000000000087934025
1956-12-01,0.00000000000091765602
1957-01-01,0.00000000000090748756
1957-02-01,0.00000000000091441157
1957-03-01,0.00000000000094774342
1957-04-01,0.00000000000097311443
1957-05-01,0.00000000000100037534
1957-06-01,0.00000000000103880830
1957-07-01,0.00000000000105792437
1957-08-01,0.00000000000111477088
1957-09-01,0.00000000000111231238
1957-10-01,0.00000000000112406966
1957-11-01,0.00000000000115235089
1957-12-01,0.00000000000115286931
1958-01-01,0.00000000000112233039
1958-02-01,0.00000000000113786738
1958-03-01,0.00000000000115666574
1958-04-01,0.00000000000120662181
1958-05-01,0.00000000000128450775
1958-06-01,0.00000000000134117027
1958-07-01,0.00000000000138982187
1958-08-01,0.00000000000145437833
1958-09-01,0.00000000000148219122
1958-10-01,0.00000000000152624351
1958-11-01,0.00000000000160379502
1958-12-01,0.00000000000173794214
1959-01-01,0.00000000000204655905
1959-02-01,0.00000000000223236826
1959-03-01,0.00000000000239616789
1959-04-01,0.00000000000259428605
1959-05-01,0.00000000000286492203
1959-06-01,0.00000000000304596445
1959-07-01,0.00000000000313911985
1959-08-01,0.00000000000325778017
1959-09-01,0.00000000000331552993
1959-10-01,0.00000000000333601727
1959-11-01,0.00000000000340584200
1959-12-01,0.00000000000350404823
1960-01-01,0.00000000000360006357
1960-02-01,0.00000000000362973271
1960-03-01,0.00000000000365567232
1960-04-01,0.00000000000365197645
1960-05-01,0.00000000000364456748
1960-06-01,0.00000000000362603643
1960-07-01,0.00000000000365938501
1960-08-01,0.00000000000367793248
1960-09-01,0.00000000000368164559
1960-10-01,0.00000000000371129830
1960-11-01,0.00000000000380398515
1960-12-01,0.00000000000415250686
1961-01-01,0.00000000000390038510
1961-02-01,0.00000000000394858529
1961-03-01,0.00000000000399308919
1961-04-01,0.00000000000408206335
1961-05-01,0.00000000000411171606
1961-06-01,0.00000000000416732481
1961-07-01,0.00000000000423035935
1961-08-01,0.00000000000426372476
1961-09-01,0.00000000000430822867
1961-10-01,0.00000000000431192494
1961-11-01,0.00000000000444911570
1961-12-01,0.00000000000483469869
1962-01-01,0.00000000000464189919
1962-02-01,0.00000000000470864643
1962-03-01,0.00000000000478278622
1962-04-01,0.00000000000493850802
1962-05-01,0.00000000000510906419
1962-06-01,0.00000000000518320398
1962-07-01,0.00000000000541679469
1962-08-01,0.00000000000548723821
1962-09-01,0.00000000000569015618
1962-10-01,0.00000000000578756015
1962-11-01,0.00000000000575789060
1962-12-01,0.00000000000631774286
1963-01-01,0.00000000000605821254
1963-02-01,0.00000000000611382129
1963-03-01,0.00000000000640300473
1963-04-01,0.00000000000650311738
1963-05-01,0.00000000000650311738
1963-06-01,0.00000000000657727359
1963-07-01,0.00000000000667736941
1963-08-01,0.00000000000670703896
1963-09-01,0.00000000000681084788
1963-10-01,0.00000000000702217884
1963-11-01,0.00000000000720014357
1963-12-01,0.00000000000782303078
1964-01-01,0.00000000000778593585
1964-02-01,0.00000000000772661400
1964-03-01,0.00000000000770437066
1964-04-01,0.00000000000800097909
1964-05-01,0.00000000000801211841
1964-06-01,0.00000000000812333589
1964-07-01,0.00000000000815300544
1964-08-01,0.00000000000811221382
1964-09-01,0.00000000000820120521
1964-10-01,0.00000000000852375365
1964-11-01,0.00000000000862015320
1964-12-01,0.00000000000923932731
1965-01-01,0.00000000000889821498
1965-02-01,0.00000000000932830228
1965-03-01,0.00000000000955446678
1965-04-01,0.00000000000965458025
1965-05-01,0.00000000000986219810
1965-06-01,0.00000000001025892000
1965-07-01,0.00000000001070753753
1965-08-01,0.00000000001094482411
1965-09-01,0.00000000001110795529
1965-10-01,0.00000000001139344164
1965-11-01,0.00000000001180498148
1965-12-01,0.00000000001276894737
1966-01-01,0.00000000001247976433
1966-02-01,0.00000000001275412942
1966-03-01,0.00000000001303219120
1966-04-01,0.00000000001330286043
1966-05-01,0.00000000001344003435
1966-06-01,0.00000000001355496495
1966-07-01,0.00000000001377000819
1966-08-01,0.00000000001392942627
1966-09-01,0.00000000001414077364
1966-10-01,0.00000000001459310428
1966-11-01,0.00000000001493419937
1966-12-01,0.00000000001659148080
1967-01-01,0.00000000001581283854
1967-02-01,0.00000000001615033792
1967-03-01,0.00000000001650623617
1967-04-01,0.00000000001670642864
1967-05-01,0.00000000001686581224
1967-06-01,0.00000000001760001709
1967-07-01,0.00000000001847872193
1967-08-01,0.00000000001854160748
1967-09-01,0.00000000001862690136
1967-10-01,0.00000000001916091376
1967-11-01,0.00000000001960210754
1967-12-01,0.00000000002112955259
1968-01-01,0.00000000002040287410
1968-02-01,0.00000000002060306657
1968-03-01,0.00000000002046960492
1968-04-01,0.00000000002038430940
1968-05-01,0.00000000002040655519
1968-06-01,0.00000000002047729712
1968-07-01,0.00000000002046592712
1968-08-01,0.00000000002049937544
1968-09-01,0.00000000002078486179
1968-10-01,0.00000000002119260561
1968-11-01,0.00000000002126301424
1968-12-01,0.00000000002315020775
1969-01-01,0.00000000002208234715
1969-02-01,0.00000000002178582410
1969-03-01,0.00000000002203050323
1969-04-01,0.00000000002205274574
1969-05-01,0.00000000002174869305
1969-06-01,0.00000000002196377077
1969-07-01,0.00000000002225661765
1969-08-01,0.00000000002208987351
1969-09-01,0.00000000002250146425
1969-10-01,0.00000000002284247561
1969-11-01,0.00000000002300554030
1969-12-01,0.00000000002469253806
1970-01-01,0.00000000002352834688
1970-02-01,0.00000000002384728319
1970-03-01,0.00000000002415501534
1970-04-01,0.00000000002434032254
1970-05-01,0.00000000002452027722
1970-06-01,0.00000000002470006443
1970-07-01,0.00000000002500394965
1970-08-01,0.00000000002528575655
1970-09-01,0.00000000002580120588
1970-10-01,0.00000000002682441071
1970-11-01,0.00000000002751780670
1970-12-01,0.00000000003006126679
1971-01-01,0.00000000002997597127
1971-02-01,0.00000000003097693193
1971-03-01,0.00000000003130322878
1971-04-01,0.00000000003158503733
1971-05-01,0.00000000003235252304
1971-06-01,0.00000000003336101007
1971-07-01,0.00000000003479580399
1971-08-01,0.00000000003570779132
1971-09-01,0.00000000003603040380
1971-10-01,0.00000000003640102149
1971-11-01,0.00000000003738375403
1971-12-01,0.00000000004182176161
1972-01-01,0.00000000004400180036
1972-02-01,0.00000000004559145943
1972-03-01,0.00000000004752029752
1972-04-01,0.00000000004983747572
1972-05-01,0.00000000005063840976
1972-06-01,0.00000000005342270535
1972-07-01,0.00000000005607370348
1972-08-01,0.00000000005600329321
1972-09-01,0.00000000005737503576
1972-10-01,0.00000000006015196917
1972-11-01,0.00000000006308477584
1972-12-01,0.00000000006864985340
1973-01-01,0.00000000007182349065
1973-02-01,0.00000000007725894527
1973-03-01,0.00000000008389555795
1973-04-01,0.00000000008764385883
1973-05-01,0.00000000009067666897
1973-06-01,0.00000000008801463414
1973-07-01,0.00000000008800727196
1973-08-01,0.00000000008871170958
1973-09-01,0.00000000008917514588
1973-10-01,0.00000000009055809916
1973-11-01,0.00000000009127725457
1973-12-01,0.00000000009869607075
1974-01-01,0.00000000009305004864
1974-02-01,0.00000000009450657773
1974-03-01,0.00000000009562996333
1974-04-01,0.00000000009834384865
1974-05-01,0.00000000010161783087
1974-06-01,0.00000000010551079428
1974-07-01,0.00000000010793250425
1974-08-01,0.00000000010993759769
1974-09-01,0.00000000011357116418
1974-10-01,0.00000000011786450266
1974-11-01,0.00000000012273986695
1974-12-01,0.00000000013827474551
1975-01-01,0.00000000014227188932
1975-02-01,0.00000000014884126384
1975-03-01,0.00000000016091301591
1975-04-01,0.00000000017651862654
1975-05-01,0.00000000018338403811
1975-06-01,0.00000000022215141531
1975-07-01,0.00000000029931316144
1975-08-01,0.00000000036657407199
1975-09-01,0.00000000040618936718
1975-10-01,0.00000000046221810293
1975-11-01,0.00000000050360281649
1975-12-01,0.00000000060143942356
1976-01-01,0.00000000065496446712
1976-02-01,0.00000000077931111464
1976-03-01,0.00000000107210670608
1976-04-01,0.00000000143579751011
1976-05-01,0.00000000160941440086
1976-06-01,0.00000000165338308784
1976-07-01,0.00000000172349214331
1976-08-01,0.00000000181853745382
1976-09-01,0.00000000201050102344
1976-10-01,0.00000000218058921769
1976-11-01,0.00000000235402211309
1976-12-01,0.00000000269173983624
1977-01-01,0.00000000290795401294
1977-02-01,0.00000000314800057771
1977-03-01,0.00000000338555527182
1977-04-01,0.00000000358905874346
1977-05-01,0.00000000382219796969
1977-06-01,0.00000000411449227627
1977-07-01,0.00000000441697137126
1977-08-01,0.00000000491775268066
1977-09-01,0.00000000532577974204
1977-10-01,0.00000000599114682873
1977-11-01,0.00000000653265258057
1977-12-01,0.00000000701023723679
1978-01-01,0.00000000794664091580
1978-02-01,0.00000000843967949945
1978-03-01,0.00000000924078281854
1978-04-01,0.00000001026415419189
1978-05-01,0.00000001115623758574
1978-06-01,0.00000001188040878508
1978-07-01,0.00000001266428568477
1978-08-01,0.00000001365303777237
1978-09-01,0.00000001452572168933
1978-10-01,0.00000001594295531990
1978-11-01,0.00000001734496830097
1978-12-01,0.00000001891673532140
1979-01-01,0.00000002133258848594
1979-02-01,0.00000002292041175323
1979-03-01,0.00000002469672022703
1979-04-01,0.00000002642586536714
1979-05-01,0.00000002825469037776
1979-06-01,0.00000003099399033034
1979-07-01,0.00000003321065692593
1979-08-01,0.00000003701330410331
1979-09-01,0.00000003954706055822
1979-10-01,0.00000004126366669424
1979-11-01,0.00000004338432870264
1979-12-01,0.00000004535012778981
1980-01-01,0.00000004861976473529
1980-02-01,0.00000005121875158448
1980-03-01,0.00000005418734819236
1980-04-01,0.00000005753392062014
1980-05-01,0.00000006086209309341
1980-06-01,0.00000006435416369947
1980-07-01,0.00000006729767221149
1980-08-01,0.00000006960063903232
1980-09-01,0.00000007276323881553
1980-10-01,0.00000007830405961947
1980-11-01,0.00000008196671986225
1980-12-01,0.00000008509253318670
1981-01-01,0.00000008925860300358
1981-02-01,0.00000009298816483534
1981-03-01,0.00000009855741948712
1981-04-01,0.00000010633431224804
1981-05-01,0.00000011434533366987
1981-06-01,0.00000012506572821768
1981-07-01,0.00000013787669654417
1981-08-01,0.00000014879778240866
1981-09-01,0.00000015943455669538
1981-10-01,0.00000016871666123193
1981-11-01,0.00000018087535924126
1981-12-01,0.00000019679707660197
1982-01-01,0.00000022026153788729
1982-02-01,0.00000023190178220767
1982-03-01,0.00000024283958674428
1982-04-01,0.00000025300809025891
1982-05-01,0.00000026075153895047
1982-06-01,0.00000028133936641224
1982-07-01,0.00000032708087320517
1982-08-01,0.00000037513030996456
1982-09-01,0.00000043915166045179
1982-10-01,0.00000049487769811479
1982-11-01,0.00000055102176983197
1982-12-01,0.00000060954072690563
1983-01-01,0.00000070694422176030
1983-02-01,0.00000079909614363390
1983-03-01,0.00000088907391181850
1983-04-01,0.00000098038960418064
1983-05-01,0.00000106919671561042
1983-06-01,0.00000123844853575315
1983-07-01,0.00000139264833229139
1983-08-01,0.00000163281196307854
1983-09-01,0.00000198168478474505
1983-10-01,0.00000231801443274461
1983-11-01,0.00000276388923212984
1983-12-01,0.00000325308053728598
1984-01-01,0.00000366099095801872
1984-02-01,0.00000428146970466510
1984-03-01,0.00000514947023466675
1984-04-01,0.00000610276606723682
1984-05-01,0.00000714470233562537
1984-06-01,0.00000842412584843563
1984-07-01,0.00000996445038637648
1984-08-01,0.00001224065431196600
1984-09-01,0.00001561231190345360
1984-10-01,0.00001862941033411700
1984-11-01,0.00002141905519847580
1984-12-01,0.00002563362525099800
1985-01-01,0.00003207757252850850
1985-02-01,0.00003871719546726490
1985-03-01,0.00004896931095763040
1985-04-01,0.00006340254344638440
1985-05-01,0.00007930752782390310
1985-06-01,0.00010352459158067900
1985-07-01,0.00010993007240826400
1985-08-01,0.00011330841940543500
1985-09-01,0.00011556622423733300
1985-10-01,0.00011780730856788000
1985-11-01,0.00012060029340058900
1985-12-01,0.00012443021100528500
1986-01-01,0.00012819321905844800
1986-02-01,0.00013036740761052700
1986-03-01,0.00013642166149828900
1986-04-01,0.00014287731760299100
1986-05-01,0.00014863054737417800
1986-06-01,0.00015538724136852000
1986-07-01,0.00016590694341602500
1986-08-01,0.00018047397090498200
1986-09-01,0.00019351906089825800
1986-10-01,0.00020524294205045300
1986-11-01,0.00021611385726471600
1986-12-01,0.00022634925569699700
1987-01-01,0.00024350856691019300
1987-02-01,0.00025922961199978800
1987-03-01,0.00028063694976290700
1987-04-01,0.00029000266175590400
1987-05-01,0.00030204428752602500
1987-06-01,0.00032629482671816600
1987-07-01,0.00035924206502636000
1987-08-01,0.00040857927866270100
1987-09-01,0.00045624411161040100
1987-10-01,0.00054555288198234900
1987-11-01,0.00060157989383456400
1987-12-01,0.00062198380869372300
1988-01-01,0.00067851254577098300
1988-02-01,0.00074925717980883500
1988-03-01,0.00085980602783813200
1988-04-01,0.00100798498394519000
1988-05-01,0.00116636598012021000
1988-06-01,0.00137592383072599000
1988-07-01,0.00172881059020188000
1988-08-01,0.00220629477946964000
1988-09-01,0.00246435354318291000
1988-10-01,0.00268595312974333000
1988-11-01,0.00283931654311434000
1988-12-01,0.00303365515649396000
1989-01-01,0.00330425754666371000
1989-02-01,0.00362118657875049000
1989-03-01,0.00423698231445338000
1989-04-01,0.00565087055309963000
1989-05-01,0.01008503424162360000
1989-06-01,0.02162961145858970000
1989-07-01,0.06416083201079760000
1989-08-01,0.08845298282875160000
1989-09-01,0.09672809788991100000
1989-10-01,0.10214030524049500000
1989-11-01,0.10879883529245900000
1989-12-01,0.15239774034570500000
1990-01-01,0.27310425405043400000
1990-02-01,0.44125558160309800000
1990-03-01,0.86276795837944100000
1990-04-01,0.96088723018897100000
1990-05-01,1.09163928623936000000
1990-06-01,1.24335394600935000000
1990-07-01,1.37795211535690000000
1990-08-01,1.58929822991775000000
1990-09-01,1.83845829058470000000
1990-10-01,1.97984323419117000000
1990-11-01,2.10220984256950000000
1990-12-01,2.20051477441864000000
1991-01-01,2.36992496278992000000
1991-02-01,3.00957756226787000000
1991-03-01,3.34190373022263000000
1991-04-01,3.52606156518055000000
1991-05-01,3.62494982270872000000
1991-06-01,3.73818383009845000000
1991-07-01,3.83504071518464000000
1991-08-01,3.88493006699116000000
1991-09-01,3.95355534316033000000
1991-10-01,4.00696044509415000000
1991-11-01,4.02254437986898000000
1991-12-01,4.04865931765672000000
1992-01-01,4.17184596685422000000
1992-02-01,4.26170926221348000000
1992-03-01,4.35118848782199000000
1992-04-01,4.40717737274412000000
1992-05-01,4.43684055539718000000
1992-06-01,4.47162888034110000000
1992-07-01,4.54893476471933000000
1992-08-01,4.61701575402669000000
1992-09-01,4.66474420575496000000
1992-10-01,4.72379526841954000000
1992-11-01,4.74556945078695000000
1992-12-01,4.75903265259024000000
1993-01-01,4.79864554349833000000
1993-02-01,4.83369698555704000000
1993-03-01,4.87003919082038000000
1993-04-01,4.92094716240062000000
1993-05-01,4.98425774364050000000
1993-06-01,5.02010981993872000000
1993-07-01,5.03625970473404000000
1993-08-01,5.03706665739484000000
1993-09-01,5.07857642863478000000
1993-10-01,5.10728507835854000000
1993-11-01,5.11020464030637000000
1993-12-01,5.10953398501893000000
1994-01-01,5.11467898520523000000
1994-02-01,5.11449800756710000000
1994-03-01,5.12162699203577000000
1994-04-01,5.13409413985563000000
1994-05-01,5.15188907076315000000
1994-06-01,5.17182639780088000000
1994-07-01,5.21957470742461000000
1994-08-01,5.23034355386719000000
1994-09-01,5.26614056963710000000
1994-10-01,5.28301571893237000000
1994-11-01,5.29496024304910000000
1994-12-01,5.30647511451869000000
1995-01-01,5.37259197743913000000
1995-02-01,5.37244529980224000000
1995-03-01,5.34830757655978000000
1995-04-01,5.37276708797179000000
1995-05-01,5.37389673143374000000
1995-06-01,5.36282956524352000000
1995-07-01,5.38458704892611000000
1995-08-01,5.37153815503255000000
1995-09-01,5.38037085666818000000
1995-10-01,5.39866268627790000000
1995-11-01,5.38633138451559000000
1995-12-01,5.39179050050274000000
1996-01-01,5.40795437608804000000
1996-02-01,5.39038058992537000000
1996-03-01,5.36129960466180000000
1996-04-01,5.36138174413846000000
1996-05-01,5.35659960186003000000
1996-06-01,5.35673860712823000000
1996-07-01,5.38578258449571000000
1996-08-01,5.38161107250256000000
1996-09-01,5.39138296233009000000
1996-10-01,5.41856074884052000000
1996-11-01,5.41014461169366000000
1996-12-01,5.39471908876668000000
1997-01-01,5.41991559888958000000
1997-02-01,5.44075510622314000000
1997-03-01,5.41393476183091000000
1997-04-01,5.39604144407772000000
1997-05-01,5.39156348865241000000
1997-06-01,5.40383972988641000000
1997-07-01,5.41584879216337000000
1997-08-01,5.42476092538082000000
1997-09-01,5.42216315160255000000
1997-10-01,5.41366893682128000000
1997-11-01,5.40320653381085000000
1997-12-01,5.41241247361789000000
1998-01-01,5.44643401300772000000
1998-02-01,5.46542493080066000000
1998-03-01,5.45855906344678000000
1998-04-01,5.45917510952172000000
1998-05-01,5.45523286595791000000
1998-06-01,5.46564697817712000000
1998-07-01,5.48272928142725000000
1998-08-01,5.48383635909892000000
1998-09-01,5.48214076561647000000
1998-10-01,5.46208429120601000000
1998-11-01,5.44911528021007000000
1998-12-01,5.44837692755176000000
1999-01-01,5.47406131006075000000
1999-02-01,5.46526742158443000000
1999-03-01,5.42423378851963000000
1999-04-01,5.41892135016937000000
1999-05-01,5.39224091367694000000
1999-06-01,5.39191325840192000000
1999-07-01,5.40193562850167000000
1999-08-01,5.38160114355483000000
1999-09-01,5.37087968527186000000
1999-10-01,5.37003933524143000000
1999-11-01,5.35306534778469000000
1999-12-01,5.34973689371679000000
2000-01-01,5.39495422430151000000
2000-02-01,5.39517536904636000000
2000-03-01,5.36666981143521000000
2000-04-01,5.36063571911145000000
2000-05-01,5.33979891967272000000
2000-06-01,5.32992593510469000000
2000-07-01,5.35307437410080000000
2000-08-01,5.34155769736799000000
2000-09-01,5.33335503259728000000
2000-10-01,5.34291254741705000000
2000-11-01,5.31664822409758000000
2000-12-01,5.31070439493498000000
2001-01-01,5.31497564772123000000
2001-02-01,5.30286864991440000000
2001-03-01,5.31297270817501000000
2001-04-01,5.34848674893468000000
2001-05-01,5.35194834116529000000
2001-06-01,5.31334594634642000000
2001-07-01,5.29596757992767000000
2001-08-01,5.27702630687338000000
2001-09-01,5.27303125936029000000
2001-10-01,5.24976818614950000000
2001-11-01,5.23255093947343000000
2001-12-01,5.22857259064516000000
2002-01-01,5.34844297130152000000
2002-02-01,5.51640962606789000000
2002-03-01,5.73461043791642000000
2002-04-01,6.33035858448878000000
2002-05-01,6.58425306078769000000
2002-06-01,6.82273645626541000000
2002-07-01,7.04028962993260000000
2002-08-01,7.20517063853460000000
2002-09-01,7.30249553811142000000
2002-10-01,7.31845677289991000000
2002-11-01,7.35571740582809000000
2002-12-01,7.36949111290579000000
2003-01-01,7.46671491774210000000
2003-02-01,7.50897793506194000000
2003-03-01,7.55281198270183000000
2003-04-01,7.55698484864240000000
2003-05-01,7.52800134759289000000
2003-06-01,7.52155204472778000000
2003-07-01,7.55495437883203000000
2003-08-01,7.55679394205654000000
2003-09-01,7.55978842242813000000
2003-10-01,7.60435089377860000000
2003-11-01,7.62310577340510000000
2003-12-01,7.63929086083327000000
2004-01-01,7.67140288304870000000
2004-02-01,7.67912038332815000000
2004-03-01,7.72468071392528000000
2004-04-01,7.79095914790421000000
2004-05-01,7.84788180522856000000
2004-06-01,7.89229940420537000000
2004-07-01,7.92867365289092000000
2004-08-01,7.95590695124548000000
2004-09-01,8.00597682937432000000
2004-10-01,8.03766371210067000000
2004-11-01,8.03784333579138000000
2004-12-01,8.10504064875095000000
2005-01-01,8.22547066100652000000
2005-02-01,8.30327931119243000000
2005-03-01,8.43162901320846000000
2005-04-01,8.47297224891605000000
2005-05-01,8.52387254812760000000
2005-06-01,8.60193844832283000000
2005-07-01,8.68831578039796000000
2005-08-01,8.72627234229871000000
2005-09-01,8.82775792228934000000
2005-10-01,8.89673883531349000000
2005-11-01,9.00406895498945000000
2005-12-01,9.10430980598764000000
2006-01-01,9.22046676019375000000
2006-02-01,9.25700980099068000000
2006-03-01,9.36859041292581000000
2006-04-01,9.45970114517234000000
2006-05-01,9.50397251782806000000
2006-06-01,9.54999319054713000000
2006-07-01,9.60892420320737000000
2006-08-01,9.66297649200673000000
2006-09-01,9.74988186357468000000
2006-10-01,9.83333196133329000000
2006-11-01,9.90291763753724000000
2006-12-01,10.00008502789780000000
2007-01-01,10.11161689772590000000
2007-02-01,10.17837733698550000000
2007-03-01,10.28441127766710000000
2007-04-01,10.51768378085090000000
2007-05-01,10.73681746247000000000
2007-06-01,11.02192900174140000000
2007-07-01,11.30311319087060000000
2007-08-01,11.67854836762320000000
2007-09-01,11.91260525767750000000
2007-10-01,12.08304376911230000000
2007-11-01,12.03434769629640000000
2007-12-01,12.20435836034730000000
2008-01-01,12.35615030794900000000
2008-02-01,12.65239761341320000000
2008-03-01,13.01276877119920000000
2008-04-01,13.21969255500780000000
2008-05-01,13.47110073253250000000
2008-06-01,13.70440753571750000000
2008-07-01,14.14475636745220000000
2008-08-01,14.34268903777740000000
2008-09-01,14.58960120724450000000
2008-10-01,14.88797782068050000000
2008-11-01,14.98830442168180000000
2008-12-01,15.06000045059370000000
2009-01-01,15.19120517639730000000
2009-02-01,15.02640089148230000000
2009-03-01,15.36985402497160000000
2009-04-01,15.61451773909410000000
2009-05-01,15.81351551472100000000
2009-06-01,15.95241066185570000000
2009-07-01,16.13756567908660000000
2009-08-01,16.73514752177800000000
2009-09-01,16.94100710291650000000
2009-10-01,17.11610499873060000000
2009-11-01,17.36751317625520000000
2009-12-01,17.55787457262200000000
2010-01-01,17.78857818623910000000
2010-02-01,18.16610385780420000000
2010-03-01,18.47264477416740000000
2010-04-01,19.10915170247880000000
2010-05-01,19.44491441463690000000
2010-06-01,19.97612394966180000000
2010-07-01,20.47290711501900000000
2010-08-01,20.91408456257320000000
2010-09-01,21.17353699302070000000
2010-10-01,21.47475418813850000000
2010-11-01,21.88114782390680000000
2010-12-01,22.11398164812730000000
2011-01-01,22.44229042843660000000
2011-02-01,22.82348439487150000000
2011-03-01,23.38155263613200000000
2011-04-01,23.93323024558230000000
2011-05-01,24.38564726196450000000
2011-06-01,24.81179769844830000000
2011-07-01,25.48403439647450000000
2011-08-01,25.94591460267310000000
2011-09-01,26.32012942148680000000
2011-10-01,26.56798845151460000000
2011-11-01,27.10712489735280000000
2011-12-01,27.49802034834940000000
2012-01-01,28.01290488804630000000
2012-02-01,28.25721477057710000000
2012-03-01,29.32436724079820000000
2012-04-01,30.12390568553930000000
2012-05-01,30.66789467892170000000
2012-06-01,31.19389783481060000000
2012-07-01,32.02100084370780000000
2012-08-01,32.89625744382240000000
2012-09-01,33.45124951655050000000
2012-10-01,33.82581636169270000000
2012-11-01,34.15743960527990000000
2012-12-01,34.54750644045710000000
2013-01-01,35.25759950827520000000
2013-02-01,35.21418292775570000000
2013-03-01,35.35603329078690000000
2013-04-01,35.60389232081460000000
2013-05-01,36.26051349195970000000
2013-06-01,37.73760874544610000000
2013-07-01,38.58340706028340000000
2013-08-01,39.15448763885730000000
2013-09-01,39.78022797730510000000
2013-10-01,40.30150134354910000000
2013-11-01,41.47122887011610000000
2013-12-01,42.94193710231860000000
2014-01-01,45.26163535473710000000
2014-02-01,47.94359938869460000000
2014-03-01,49.34379403939640000000
2014-04-01,50.21739340787190000000
2014-05-01,51.32831990073080000000
2014-06-01,52.10514271833360000000
2014-07-01,53.20696346349430000000
2014-08-01,54.52800815343530000000
2014-09-01,55.80137584164990000000
2014-10-01,57.17483454401510000000
2014-11-01,58.15313556891360000000
2014-12-01,59.07997576036970000000
2015-01-01,60.45994063139160000000
2015-02-01,61.08946480155540000000
2015-03-01,62.45156478771980000000
2015-04-01,63.69429354850920000000
2015-05-01,64.78593621961710000000
2015-06-01,66.24209041971360000000
2015-07-01,67.71114142027710000000
2015-08-01,69.13133477696620000000
2015-09-01,70.32046166213040000000
2015-10-01,71.61276295103060000000
2015-11-01,73.06489502466570000000
2015-12-01,75.58619063175260000000
2016-01-01,80.35194834116530000000
2016-02-01,82.28110316891570000000
2016-03-01,84.59299546315690000000
2016-04-01,86.91080179971740000000
2016-05-01,89.03777015042030000000
2016-06-01,90.48765647660570000000
2016-07-01,91.16935997497470000000
2016-08-01,94.01246180424070000000
2016-09-01,95.47985918369170000000
2016-10-01,96.94724934208990000000
2016-11-01,98.67752915211260000000
